[{"name":"2018 Lake Louise Acute Mountain Sickness Score (LLAMSS)","id":"rec0ha5FBcF00xxd9"},{"name":"ABCD² score for stroke","id":"recrFHhenVXE001tz"},{"name":"Acute Coronary Treatment and Intervention Outcomes Network score for intensive care in NSTEMI (ACTION score)","id":"recb8RLTzBlq7cHBV"},{"name":"Acute gout diagnosis rule","id":"recLOAf1AKm7MbnFM"},{"name":"AIMS65 score for upper GI bleeding mortality (AIMS65 score)","id":"recmmd469oqIUPPhT"},{"name":"ALT-70 score for cellulitis (ALT-70 score)","id":"rec3KvQkYtp27fbj6"},{"name":"Alvarado score","id":"recsTrVxcTsoZEyEb"},{"name":"American Association for the Surgery of Trauma imaging criteria for classification of liver injury (AAST classification)","id":"recrlMvOZc0226R66"},{"name":"American College of Rheumatology criteria for the classification of eosinophilic granulomatosis with polyangiitis (ACR criteria)","id":"recLhB8eup8wWHrSK"},{"name":"American College of Rheumatology/European League Against Rheumatism diagnostic criteria for rheumatoid arthritis (ACR/EULAR criteria)","id":"recd4KfcQGzEDusvQ"},{"name":"American Heart Association diagnostic criteria for classic Kawasaki disease (AHA criteria)","id":"recGCDSrGEypojdrj"},{"name":"American Society of Anesthesiologists score (ASA score)","id":"recMUNW2iu76KlfU4"},{"name":"Amsel's diagnostic criteria for bacterial vaginosis","id":"recj7O2KRceY61C0y"},{"name":"Anticoagulation and risk factors in atrial fibrillation bleeding risk score (ATRIA score) ","id":"recGmg01iHhFtgCN9"},{"name":"APGAR Score","id":"recWXAc3lAxPUDUZe"},{"name":"ASBMR task force criteria for diagnosis of atypical femoral fractures","id":"recZTbhk8HY4OTbCv"},{"name":"ASGE/SAGES criteria for stratification of common bile duct stones","id":"recXewA2bQ1lRYYKm"},{"name":"Assess Respiratory Risk in Surgical Patients in Catalonia score (ARISCAT score)","id":"rectTWASpFC759dxo"},{"name":"Assessment of diastolic dysfunction severity (with LV structural pathology)","id":"recQmg5VTtYBm8Jrf"},{"name":"Assessment of diastolic function (no LV structural pathology)","id":"rec4NZLGrCSw7xOjL"},{"name":"Asthma Control Test (ACT)","id":"rec1RROT5y4pQpR2Z"},{"name":"ATLAS score for Clostridium difficile infection","id":"recGdJlX5VXAhSOYq"},{"name":"ATRIA stroke risk score","id":"recRfWo81y0IfFEMd"},{"name":"AUDIT-C for alcohol use","id":"recfNcivzr8QOkrwO"},{"name":"Baltimore criteria for diagnosis of veno-occlusive disease","id":"recXkqvT8GpDE9qwI"},{"name":"BISAP score for mortality in pancreatitis","id":"receSFBmkhftv0Skz"},{"name":"CAGE questionnaire for alcohol use","id":"recd2eiJlspGo4Zp3"},{"name":"Cairo-Bishop criteria for clinical tumor lysis syndrome","id":"recpmFaQboo675ydt"},{"name":"Cairo-Bishop criteria for laboratory tumor lysis syndrome","id":"rec4x89zGEXyFf2BY"},{"name":"Canadian Assessment of Tomography for Childhood Head injury rule (CATCH rule)","id":"recq6pyHSwTSWWGgr"},{"name":"Canadian CT head rule (CCHR)","id":"recjoimPRzO6Owi8q"},{"name":"Candida score","id":"recgdSQP7259UqLeT"},{"name":"CHALICE (Children's head injury algorithm for the prediction of important clinical events) rule","id":"recw7KTFf1W7VN6NW"},{"name":"Child Pugh score for mortality in liver cirrhosis","id":"recMqvo9U5pAm1MPs"},{"name":"Classification criteria for antiphospholipid syndrome (Sydney criteria)","id":"recDEiul1arTkG0zu"},{"name":"Classification criteria for granulomatosis with polyangiitis (ACR criteria)","id":"recln3GgPaZbD1ttX"},{"name":"Classification criteria for lupus nephritis (ACR criteria)","id":"recnsXTGHQnN9e1aH"},{"name":"Classification criteria for polymyalgia rheumatica","id":"rec5AjCZTUARArP9B"},{"name":"Clinical criteria for acute bacterial rhinosinusitis","id":"recInTSFMC5gUW562"},{"name":"CT severity index for acute pancreatitis","id":"rec5AmMwHcQOrqrqU"},{"name":"Curaçao Criteria for hereditary hemorrhagic telangiectasia","id":"recjxOCrBOrP9aScC"},{"name":"CURB-65 score","id":"rec2KezUuXvZkte01"},{"name":"DASH score for recurrent VTE","id":"recYGGi35zCc8r7X3"},{"name":"Determinant-based classification of acute pancreatitis severity","id":"recd1Vr6x1QwTaKbi"},{"name":"Diagnostic criteria for achalasia (esophageal motility testing)","id":"recRiMXj1wvtO1NyK"},{"name":"Diagnostic criteria for acute bronchitis","id":"recgURPClna4Y3ynX"},{"name":"Diagnostic criteria for acute cholecystitis","id":"rec6PIuEE1Oiod2WC"},{"name":"Diagnostic criteria for acute kidney injury","id":"recA3XxuOqIBMJsCI"},{"name":"Diagnostic criteria for acute pancreatitis","id":"reca6laJmUcSDdRmK"},{"name":"Diagnostic criteria for acute pericarditis","id":"reck0hev9hbYG2Go5"},{"name":"Diagnostic criteria for alcoholic hepatitis","id":"recTe7rro7dcF44Bg"},{"name":"Diagnostic criteria for allergic rhinitis","id":"recNuOwLjo4B5JWvY"},{"name":"Diagnostic criteria for asymptomatic microhematuria","id":"recpSbJMIUganziaB"},{"name":"Diagnostic criteria for attention deficit and hyperactivity disorder, hyperactive-impulsive subtype (DSM-5 criteria)","id":"rec9T2HAvkyFIoZeT"},{"name":"Diagnostic criteria for attention deficit and hyperactivity disorder, inattentive subtype (DSM-5 criteria)","id":"rec9FyYb5gFOmz2JI"},{"name":"Diagnostic criteria for autism spectrum disorder (DSM-5 criteria)","id":"recEJ06GyEtKytnnv"},{"name":"Diagnostic criteria for Barrett's esophagus","id":"rec8iDWBYuk8wXgZj"},{"name":"Diagnostic criteria for celiac disease (four out of five rule)","id":"recS3tqSb0iH3KOI7"},{"name":"Diagnostic criteria for chronic idiopathic intestinal pseudo-obstruction","id":"recVon7s8JjHPhqu6"},{"name":"Diagnostic criteria for Cushing's syndrome","id":"recKSrr7BkA6TdwSj"},{"name":"Diagnostic criteria for febrile neutropenia","id":"rec7f57TL216gMJsV"},{"name":"Diagnostic criteria for fibromyalgia","id":"recb15bI1F9EkuWCM"},{"name":"Diagnostic criteria for giant cell arteritis","id":"recsR3OOvnz3QtrBE"},{"name":"Diagnostic criteria for hemophagocytic lymphohistiocytosis","id":"rec1AtX4ci73F8NWI"},{"name":"Diagnostic criteria for hepatorenal syndrome","id":"recpv5Mbb3FN9NsG6"},{"name":"Diagnostic criteria for megacystis microcolon intestinal hypoperistalsis syndrome","id":"reczkYYjiax2kbjnO"},{"name":"Diagnostic criteria for polycystic ovarian syndrome in premenopausal adult women","id":"recsrbWoDI5GZs4hW"},{"name":"Diagnostic criteria for primary biliary cholangitis","id":"recDhwNIl6OMTzJcc"},{"name":"Diagnostic criteria for refeeding syndrome","id":"recGG72373F33EHyT"},{"name":"Diagnostic criteria for severe malaria","id":"rec7xXsH2wJSM18bl"},{"name":"Diagnostic criteria for spontaneous bacterial peritonitis","id":"receW9xt1GmxBOQBZ"},{"name":"Diagnostic criteria for syndrome of inappropriate antidiuretic hormone secretion","id":"recDbLaeJYrvCOSdw"},{"name":"Diagnostic criteria for von Willebrand disease","id":"recNWASwETRjD163a"},{"name":"DSM-5 Criteria for somatic symptom disorder","id":"recJxBcy3XQWNL5UR"},{"name":"Eastern Cooperative Oncology Group performance status (ECOG score)","id":"recwX5BRpWsmdMrLO"},{"name":"Eckardt clinical staging of achalasia","id":"rec4gGIX98h7sNZgw"},{"name":"Egami score for predicting unresponsiveness to IVIG therapy","id":"rec59TLFKZlfB7mXu"},{"name":"European Centre for Disease Prevention and Control criteria for diagnosis of tick-borne encephalitis (ECDC criteria)","id":"recVX4XHlz4PXlEqz"},{"name":"European League Against Rheumatism/Pediatric Rheumatology International Trials Organization/Pediatric Rheumatology European Society criteria for Henoch-Schönlein purpura (EULAR/PRINTO/PRES criteria)","id":"recJM27CxZ5fKbNxR"},{"name":"European Organization for Research and Treatment of Cancer/Radiation Therapy Oncology Group classification of radiation-induced hemorrhagic cystitis (EORTC/RTOG classification)","id":"recmVzP1ZhRDamF1n"},{"name":"Five-Factor Score for prognosis of polyarteritis nodosa and eosinophilic granulomatosis with polyangiitis (FFS)","id":"recbqs2TcdogbMVxv"},{"name":"Glasgow Coma Scale (GCS)","id":"rec3sp2OBra047X1P"},{"name":"Goligher's classification of internal hemorrhoids","id":"recfPS67CSeGCDJYW"},{"name":"Grading of hemorrhagic cystitis","id":"recPwGtCPFyYaHND1"},{"name":"Graves' orbitopathy clinical activity score (CAS score)","id":"rec19unq01jt2nIdW"},{"name":"Gurd and Wilson criteria for fat embolism syndrome","id":"recf4wLvjcKGtrvYh"},{"name":"Hirschsprung's Associated Enterocolitis (HAEC) Score","id":"recbQzUqlVMiPz2ar"},{"name":"Hjortswang's criteria for clinical remission of microscopic colitis","id":"recPbOrAA5JpNFtgX"},{"name":"House-Brackmann facial paralysis scale","id":"recX57CNSBFtvWXdJ"},{"name":"International Classification of Vestibular Disorders diagnostic criteria for Ménière's disease (ICVD criteria)","id":"recBGRXWwt6Ehe6x8"},{"name":"International Federation of Gynecology and Obstetrics staging for ovarian cancer (FIGO staging)","id":"rec5ReL5WNiUdszuS"},{"name":"International Prognostic Scoring System for prognosis of myelodysplastic syndrome (IPSS)","id":"recMMpFRJ3fMCFE67"},{"name":"International prognostic scoring system for Waldenstrom's macroglobulinemia","id":"recDyHPDrWyKbLsBx"},{"name":"King's College Criteria for acetaminophen-induced acute liver failure","id":"recqib5a1NTS5KdTM"},{"name":"Kobayashi score for predicting unresponsiveness to IVIG therapy","id":"recblzePVvEF7JA4K"},{"name":"Meropenem dose calculator (non-CNS indications)","id":"recpYrtyFvn6CUI0O"},{"name":"Milan criteria for liver transplantation","id":"rec7ORNEuNMcL0gsH"},{"name":"Miller criteria for PCP severity assessment","id":"recyGjyKpQHZrCdnY"},{"name":"Modified Centor score","id":"reczEQDjO95MaqfWW"},{"name":"Modified Denver Screening Criteria","id":"recGHRD3TrzY4TI94"},{"name":"Modified European Heart Rhythm Association classification of atrial fibrillation (mEHRA classification)","id":"rec9hzeuikqCG8Lzm"},{"name":"Modified Marsh classification of histologic findings in celiac disease","id":"recbkpm1LzvFfyBeC"},{"name":"Multinational Association for Supportive Care in Cancer risk index for febrile neutropenia (MASCC score)","id":"recYS9Tdgwbwhbvsj"},{"name":"Nurses’ Global Assessment of Suicide Risk score (NGASR score)","id":"recl3efmUtFwtE9vV"},{"name":"Oakland score for safe discharge after lower GI bleed","id":"recqQbuk0xYRJmgQF"},{"name":"Ottawa ankle rule","id":"recbimQRWcx9buj4a"},{"name":"Pregnancy Unique-Quantification of Emesis Score (PUQE score)","id":"recqocljHODBYjktF"},{"name":"Psoriasis Epidemiology Screening Tool for psoriatic arthritis (PEST)","id":"reclX9iDVzRRxxHOv"},{"name":"Quick Sequential Organ Failure Assessment screening criteria for sepsis (qSOFA criteria)","id":"recVMEGmEFqvfjcDU"},{"name":"Revised Atlanta classification for acute pancreatitis","id":"recU81msdL2pmkzeA"},{"name":"Revised Five Factor Score for prognosis of systemic necrotizing vasculitis (rFFS)","id":"recPQ0lYWdEdvkm9H"},{"name":"Revised International Prognostic Scoring System (IPSS-R) for myelodysplastic syndrome","id":"recZ4ahIhZtd1acF5"},{"name":"Risk stratification for acute pericarditis","id":"rec0Pqo8aJb6QQUFD"},{"name":"Rome IV diagnostic criteria for irritable bowel syndrome","id":"recNnXn1JNGYWekE4"},{"name":"Sano score for predicting unresponsiveness to IVIG therapy","id":"recyt4LtA6b7Ik3P0"},{"name":"Seattle criteria for diagnosis of veno-occlusive disease","id":"recnGcLbGgw58LsEf"},{"name":"Severity classification of Graves' orbitopathy","id":"recWCBl4yd9IxqoEV"},{"name":"Severity grading for IgA vasculitis nephritis","id":"recarvX1F5c7HkVTk"},{"name":"Society of Radiologists in Ultrasound classification of internal carotid artery stenosis (SRU classification)","id":"recayoXUL8NcBNR7s"},{"name":"Suspicious Index Lyme Carditis score (SILC score)","id":"recttYZJkJvBrGdv4"},{"name":"TNM classification for malignant pleural mesothelioma","id":"recVz41AsHqClcCiU"},{"name":"TNM staging for squamous cell anal cancer","id":"recLjWAjrLmiZiBCi"},{"name":"Villalta score for post-thrombotic syndrome","id":"recm07ty83hUVQ3Vz"},{"name":"Wells criteria for deep vein thrombosis","id":"recF6iVzSVCxQGgly"},{"name":"Wells' criteria for DVT","id":"recF6iVzSVCxQGgly"},{"name":"World Health Organization criteria for the diagnosis of essential thrombocythemia (WHO criteria)","id":"recxI1r9ROJbEPIYc"},{"name":"World Health Organization criteria for the diagnosis of polycythemia vera in men (WHO criteria)","id":"recrVOpFamBEmVeqk"},{"name":"World Health Organization criteria for the diagnosis of polycythemia vera in women (WHO criteria)","id":"recT3I7kQUQAASeSF"},{"name":"World Society of Emergency Surgery classification of liver trauma (WSES classification)","id":"rec6wMTdhkfXmHtR8"}]