[{"name":"Negative","criteria_id":"reckiZ4Lx6J4Uofwh","source":"Patient","mapper":"Time since","field":"birthDate","operator":">","target":"18","units":"years","care_bundles":"recXg8637oB5oCy5M"},{"name":"Positive","criteria_id":"recJ2MAhLqCTwxY7i","source":"Patient","mapper":"","field":"sex","operator":"==","target":"male","units":"","care_bundles":"recXg8637oB5oCy5M"},{"name":"Abnormal","criteria_id":"rec2RvpvqmUmQE8QL","source":"Patient","mapper":"","field":"diagnoses","operator":"includes","target":"Atrial fibrillation","units":"","care_bundles":"recaAkqkKkiiUHVv5"},{"name":"Normal","criteria_id":"recCtQTum3wMRJLrR","source":"Patient","mapper":"Time since","field":"lastFollowUp","operator":">","target":"2","units":"months","care_bundles":""}, {"name":"US negative","criteria_id":"recCtaTum3wMRJLrR","source":"Patient","mapper":"Time since","field":"lastFollowUp","operator":">","target":"2","units":"months","care_bundles":""}, {"name":"US positive","criteria_id":"recCtQTumdwMRJLrR","source":"Patient","mapper":"Time since","field":"lastFollowUp","operator":">","target":"2","units":"months","care_bundles":""}]