[{"name":"Causes of Diastolic dysfunction - Grading","id":"recGqPfICnJVB1J3i"},{"name":"Causes of Pericardial effusion - Investigation","id":"recicBQeoKkqBj2Xh"},{"name":"Causes of Anisocoria - Investigation","id":"rec5jB1qgSdXuNAXS"},{"name":"Causes of Reported dysuria - Investigation (men)","id":"rec23S3NqBt2aqvea"},{"name":"Causes of Prolonged clotting times - Investigation","id":"reczz0Xc47BxQ9nix"},{"name":"Causes of Reported chronic cough - Investigation","id":"recAP0OHwkL3dhAso"},{"name":"Causes of Polycythemia - Investigation","id":"recDDwOhnG9FV2RrT"},{"name":"Causes of Reported nausea and vomiting - Investigation","id":"recEEI3gQOQtqr9Cx"},{"name":"Causes of Reported nasal discharge - Investigation","id":"recGRwyczCpLi9Kfz"},{"name":"Causes of Reported constipation - Investigation","id":"recGZx0RdTSgjgsKP"},{"name":"Causes of Iron overload - Investigation","id":"recigqe9IPjQGLud9"},{"name":"Causes of Reported anxiety - Investigation","id":"reciz2O2pevNV19J5"},{"name":"Causes of Reported sore throat - Investigation","id":"recqPFzQiMVwTXdnY"},{"name":"Causes of Increased serum amylase - Investigation","id":"recuA7OH5MYifjAS2"},{"name":"Causes of Reported suicidal ideation - Evaluation","id":"recIjTueiJKlXDoJr"},{"name":"Causes of Reported abdominal wall pain - Investigation","id":"recKN3kw0T1QkFWye"},{"name":"Causes of Reported dysuria - Investigation (women)","id":"recKGcWMaqeg4q3ta"},{"name":"Cardiac arrest - Management","id":"recRhWoNIlIocHVt0"},{"name":"Causes of Gynecomastia - Investigation","id":"recZM6JyeyCCxMde5"},{"name":"Causes of Reported chest pain - Investigation","id":"rec0YCDVlGmwAG7lo"},{"name":"Causes of Reported acute watery diarrhea - Investigation","id":"reckx74EsIlkOOY9v"},{"name":"Causes of Microcytic anemia - Investigation","id":"recbYSbnmZqmchVc9"},{"name":"Causes of Macrocytic anemia - Investigation","id":"reczwTK3ZyZo0osmm"},{"name":"Causes of Reported secondary amenorrhea - Investigation","id":"recLWmoxu0BYHPpsc"},{"name":"Causes of Microangiopathic hemolytic anemia - Investigation","id":"recvSAwO0SC8AQHvB"},{"name":"Causes of Reported polyuria - Investigation","id":"recPtfWJCDkmvyHDG"},{"name":"Causes of Abnormal serum pH - Investigation","id":"reck9E2ub06dzZSJM"},{"name":"Causes of Reported generalized pruritus - Investigation","id":"recQWAlmChdhm6yDY"},{"name":"Causes of Decreased serum glucose - Investigation","id":"rec8V1CyfJe39STAq"},{"name":"Causes of Pulmonary edema - Investigation","id":"recdGGitJPtCR8WxA"},{"name":"Causes of First trimester vaginal bleeding - Investigation","id":"recAhR15bdyUlVDHE"},{"name":"Causes of Hypothyroidism - Investigation","id":"recjfSRbK9RDWnI9L"},{"name":"Causes of Increased serum sodium - Investigation","id":"recm8pg6AVTweKunI"},{"name":"Causes of Hyperthyroidism - Investigation","id":"recwHcOoUpwaeLNRK"},{"name":"Causes of Reported eye pain - Investigation","id":"recOZ6X3jOLcxo6Mu"},{"name":"Causes of Purpura - Investigation","id":"recPDAWviMw44yhOD"},{"name":"Causes of High anion gap metabolic acidosis - Investigation","id":"recTtOUNSUdt1yNcj"},{"name":"Causes of Hyponatremia - Investigation","id":"rec57i6Bkc8nVSUaV"},{"name":"Causes of Hypocalcemia - Investigation","id":"rec6XrAgCFdKELz0J"},{"name":"Causes of Increased serum calcium - Investigation","id":"recBkYvSnBxO8Gx17"},{"name":"Community-acquired pneumonia - Management","id":"recBBIFY6NGy7veC8"},{"name":"Constipation - Investigation","id":"recbsQbjBnUjhaBEf"},{"name":"Lower extremity arterial trauma - Evaluation and management","id":"rec6dGHjHY8cVxhcf"},{"name":"Overactive bladder - Diagnosis and management","id":"recFDksEYgFh8XuYQ"},{"name":"Systemic lupus erythematosus - Investigation and management","id":"recEVzO8unw077WUb"},{"name":"Surgical site infection - Management","id":"recdECYRThZDXZ5D9"},{"name":"Group A streptococcal pharyngitis - Diagnosis and management","id":"recvwKv7YZYHiCQZ6"},{"name":"Small bowel obstruction - Diagnosis and management","id":"rec1il8gEp0eeWbPb"},{"name":"Sjögren's disease - Management","id":"recIgJkhfJ9PiSZRz"},{"name":"Sepsis and septic shock - Investigation and management","id":"recuU9ChmfVtmh9o0"},{"name":"Rheumatoid arthritis - Management","id":"recQbwOba801fp1vi"},{"name":"Restless legs syndrome - Management","id":"recs8Wc88qHHIHpCd"},{"name":"Raynaud's phenomenon - Investigation and management","id":"recq6UXe5KsaKlebv"},{"name":"Pulmonary hypertension - Investigation","id":"rec89lXQP6on4QwEP"},{"name":"Psoriatic arthritis - Management","id":"rec1N0DkcHrvwaQ4M"},{"name":"Primary hyperaldosteronism - Diagnosis and management","id":"rec0jnlxqFzTdcrBV"},{"name":"Priapism - Management","id":"recEBRoWCX7B4J7pz"},{"name":"Polymyalgia rheumatica - Investigation and management","id":"recgfHy2s3Nmy9kYb"},{"name":"Polycythemia - Evaluation and management","id":"recDtpd1kHZ4dP0dG"},{"name":"Pleural effusion - Investigation","id":"recxeeCmksEBIONFT"},{"name":"Pilonidal disease - Management","id":"recFebipkIbP8bwmK"},{"name":"Pheochromocytoma or paraganglioma - Diagnosis and management","id":"rec9lK3rxhebUBTv8"},{"name":"Acute respiratory distress syndrome - Management","id":"recgEynGbvO8RZcLY"},{"name":"Acute cholecystitis - Diagnosis and management","id":"recKn4ds9RSFkZVzp"},{"name":"Obstructive sleep apnea - Diagnosis and management","id":"recvMN03VbZKwE69e"},{"name":"Non-variceal upper gastrointestinal bleeding - Management","id":"reccNdIhv0q03tlD7"},{"name":"Multiple sclerosis - Counselling and follow-up","id":"recxgycAvizwMyTfQ"},{"name":"Methadone prescribing - Management","id":"recPXnXIcl63cJoQB"},{"name":"Male hypogonadism - Diagnosis and management","id":"rec1b9eDcidiiZwA1"},{"name":"Malaria infection - Management","id":"rechLxf0etwM07dlO"},{"name":"Lymphogranuloma venereum - Diagnosis and management","id":"recglhN7QYzMye1LH"},{"name":"Iron deficiency anemia - Management","id":"rec94FC1eftaHCEs2"},{"name":"Iron deficiency anemia - Investigation","id":"recmD6OBj6H1KRy6r"},{"name":"Immune thrombocytopenia - Management (adults)","id":"recp2uHEQMveNiLP6"},{"name":"ICU delirium - Diagnosis and management","id":"recxHZPIVsH9VGfb4"},{"name":"Pattern hair loss - Management","id":"rec0Wtn4588p62pPz"},{"name":"Giant cell arteritis - Management","id":"recV4eKPKJih8u9y1"},{"name":"Giant cell arteritis - Investigation","id":"recnRBc7R98h7AqHP"},{"name":"Folate deficiency - Diagnosis and management","id":"recGiUQAB0aj9m7Qw"},{"name":"Diabetic retinopathy - Diagnosis and management","id":"recRr0h4IY01PVGXX"},{"name":"Diabetic neuropathy - Diagnosis and management","id":"recpfgQMbGBHy2jJk"},{"name":"Diabetic nephropathy - Diagnosis and management","id":"recFHGuoyiU4sB6Cf"},{"name":"Diabetic foot infection - Management","id":"recnS20ak6unzYHB8"},{"name":"Diabetic foot infection - Diagnosis and investigation","id":"recJIZ8V5JnXnd5AG"},{"name":"Diabetic foot - Management","id":"reckYcXwhVXt9MGhG"},{"name":"Diabetic foot - Screening and investigation","id":"recd7o9y0lVi20iFk"},{"name":"Community-acquired pneumonia - Investigation","id":"recbfjEFIjdaWvNMQ"},{"name":"Bacterial vaginosis - Diagnosis and management","id":"recFf3maIbYuEwBL0"},{"name":"Autoimmune pancreatitis - Management","id":"recBQHfaO331bQCHw"},{"name":"Antiphospholipid syndrome - Investigation","id":"recVg72B5xAKSmkq2"},{"name":"Anal squamous cell cancer - Diagnosis and management","id":"rec6CcSZkgCcZXZpY"},{"name":"Allergic rhinitis - Diagnosis and management","id":"recpZou32jaXuSPL1"},{"name":"Adhesive capsulitis - Diagnosis and management","id":"rec09yU6bSUlY9hUf"},{"name":"Thrombotic thrombocytopenic purpura - Diagnosis and management","id":"rechOtJhX6ty3TyoQ"},{"name":"Tinnitus - Diagnosis and management","id":"recmmWdu0SCwaaqt4"},{"name":"Trichomonas vaginalis infection - Diagnosis and management","id":"recFZjVaE6Y1aw71l"},{"name":"Tumor lysis syndrome - Management","id":"recRnqmtPHaThCjbN"},{"name":"Tumor lysis syndrome - Prophylaxis","id":"recbWoZmhLpKIGJfX"},{"name":"Urticaria - Management of chronic urticaria","id":"recGruAbDEF30rSvs"},{"name":"Hepatic veno-occlusive disease - Diagnosis and management","id":"recRsVf4Oz8Vu4cGr"},{"name":"Vertebral osteomyelitis - Diagnosis and management","id":"recvu0bt8yYd5A3Nt"},{"name":"Vitamin B12 deficiency - Diagnosis and management","id":"rec2JukHMXK9zDWXl"},{"name":"Von Willebrand disease - Management","id":"recSoNWpO7tfRmPH2"},{"name":"Von Willebrand disease - Diagnosis","id":"recB6SpejRdfxYEaG"},{"name":"Wernicke's encephalopathy - Diagnosis and management","id":"recGds45VcCjo0loe"},{"name":"Constrictive pericarditis - Management","id":"recnd1Qsruu6jq7xI"},{"name":"Constrictive pericarditis - Investigation","id":"recPmblmh0x2H7HzN"},{"name":"Choledocholithiasis - Management","id":"recvWULDauv1GxA0C"},{"name":"Bone metastasis - Management","id":"rec8mYZWPbiWKa0FE"},{"name":"Acute diverticulitis - Counseling and follow-up","id":"recgmPVITRdBDL3BS"},{"name":"Acute diverticulitis - Diagnosis and management","id":"recjkmqxO3yrwhSAQ"},{"name":"Budd-Chiari syndrome - Diagnosis and management","id":"recDAb2hhWDn2F3T2"},{"name":"Behavioral and psychological symptoms of dementia - Management","id":"recZ3aWqH85nmanct"},{"name":"Acute bronchitis - Diagnosis and management","id":"recHWvnYFM4uzof1Z"},{"name":"Acromegaly - Perioperative management","id":"recNAlQqYKspDpFHP"},{"name":"Achalasia - Management and follow-up","id":"recXjSPtQdOnYSi4C"},{"name":"Achalasia - Investigation","id":"recaFhjUsvRg9A9pG"},{"name":"Infective endocarditis - Surgical management","id":"recyzTUyj73XVeTEP"},{"name":"Systemic sclerosis - Chronic management","id":"recDfp5xPVR7badS5"},{"name":"Sickle cell disease - Hydroxyurea therapy","id":"recOPICqhvnPG2Xbe"},{"name":"Acute appendicitis - Hospital discharge","id":"recZ5grhMnqaMZIMx"},{"name":"Acute appendicitis - Postoperative follow-up","id":"recL7F1EUkhCA5kCw"},{"name":"Acute appendicitis - Preoperative risk assessment","id":"recooGtEyv9gxW85e"},{"name":"Acute appendicitis - Emergency room evaluation","id":"recXTk08zFJaYRb0m"},{"name":"Acute appendicitis - Postoperative orders","id":"reco0mAGEFY2WNfq4"},{"name":"Acute appendicitis - Operative management","id":"recOSd2rC7DAa1kSf"},{"name":"Acute appendicitis - Nonperative management","id":"recEYsUbey3PbAIlY"},{"name":"Acute appendicitis - Antibiotic treatment","id":"recrYanGocrkXIF8C"},{"name":"Acute appendicitis - As needed medications","id":"recVgF9M7WjQB6hZq"}]