[{"name":"Ophthalmology","id":"reclWubmXIhgcLbOg"},{"name":"Nutrition","id":"rec1hYAuqgDgQ2UU2"},{"name":"Medical Biochemistry","id":"recmbfAJ0RWVU6OMo"},{"name":"Allergy and Immunology","id":"recynmlKezOCD5fGV"},{"name":"Dermatology","id":"recjYotVC1znJkNcJ"},{"name":"Geriatrics","id":"recfbNvPZniLU1PAo"},{"name":"Anesthesia","id":"recGbfxezcL97LQhn"},{"name":"Genetics","id":"recVknOyverOLMZfO"},{"name":"Psychiatry","id":"recJo4CcgNaHXCbFf"},{"name":"Vascular Surgery","id":"recSeSn8dzaRbVDt1"},{"name":"Cardiothoracic Surgery","id":"reca29f85NonOFUaG"},{"name":"Orthopedic Surgery","id":"recoPnvGnVhldOcyM"},{"name":"Otolaryngology","id":"recn2JjZk2UzhtPFH"},{"name":"Urology","id":"rec8PO9nsNxzGuSUF"},{"name":"Gynecology","id":"recPnT3rISKZ2jl2h"},{"name":"Obstetrics","id":"recqSbo4Ljm4FhELN"},{"name":"Respirology","id":"recdg4LGtoFzI6i1t"},{"name":"Pediatrics","id":"recI4OgipPjgpcZ4F"},{"name":"Nephrology","id":"recdIxgAVi9l09SyT"},{"name":"Hepatology","id":"recVZw83zSx1SPLQo"},{"name":"Neurosurgery","id":"rec50aE4V3TTOZxvr"},{"name":"General Surgery","id":"recgVcTCfbBjZAMHj"},{"name":"Hematology","id":"recLin0TIDH8kGXME"},{"name":"Cardiology","id":"recPPiGcIBGs1dsTH"},{"name":"Endocrinology","id":"rechmkqiYOmqg0Are"},{"name":"Critical Care","id":"recUhTIrp7GrjG5dw"},{"name":"Rheumatology","id":"recfsLClCavwD8kj7"},{"name":"Neurology","id":"recSnoNwg3DWHuJrl"},{"name":"Oncology","id":"recXGypqAcKwpBIz5"},{"name":"Gastroenterology","id":"recVk6bl2eu3pkhxR"},{"name":"Emergency Medicine","id":"recbV633vtvAfjVQc"},{"name":"Primary Care","id":"recNcXgLu3SEHy5m6"},{"name":"Infectious Diseases","id":"recJrLLouAJIo7wux"},{"name":"Internal Medicine","id":"recrjE5HglPoet026"}]